ID,Type,Message,Performed By,Occurred At
183552030,story_update_activity,Ryan Burns started this chore,Ryan Burns,2022-10-16T20:13:57Z
183552030,story_update_activity,Ryan Burns edited this chore,Ryan Burns,2022-10-16T20:13:40Z
183552030,story_create_activity,Ignacio Joaquin Moral added this chore,Ignacio Joaquin Moral,2022-10-16T19:40:51Z
5034701,epic_create_activity,Ignacio Joaquin Moral added this epic,Ignacio Joaquin Moral,2022-10-16T19:39:46Z
23906414,label_create_activity,"Ignacio Joaquin Moral created labels: ""ui design""",Ignacio Joaquin Moral,2022-10-16T19:39:46Z
183516461,task_delete_activity,Ignacio Joaquin Moral deleted a task on this story,Ignacio Joaquin Moral,2022-10-16T19:38:57Z
183516461,task_update_activity,"Ignacio Joaquin Moral uncompleted task: ""Select Medicine from Multiple Sources""",Ignacio Joaquin Moral,2022-10-16T19:38:52Z
183516461,task_update_activity,"Ignacio Joaquin Moral completed task: ""Select Medicine from Multiple Sources""",Ignacio Joaquin Moral,2022-10-16T19:38:52Z
183516461,task_create_activity,"Ignacio Joaquin Moral added task: ""Select Medicine from Multiple Sources""",Ignacio Joaquin Moral,2022-10-16T19:38:49Z
183456317,story_update_activity,Ignacio Joaquin Moral edited this feature,Ignacio Joaquin Moral,2022-10-11T22:02:39Z
183358954,story_update_activity,Ignacio Joaquin Moral edited this feature,Ignacio Joaquin Moral,2022-10-11T22:01:51Z
183516439,story_update_activity,Ignacio Joaquin Moral edited this feature,Ignacio Joaquin Moral,2022-10-11T22:01:43Z
183364724,story_update_activity,Ignacio Joaquin Moral edited this feature,Ignacio Joaquin Moral,2022-10-11T22:01:27Z
183365824,story_update_activity,Ignacio Joaquin Moral edited this feature,Ignacio Joaquin Moral,2022-10-11T22:01:12Z
183370541,story_update_activity,Ignacio Joaquin Moral edited this feature,Ignacio Joaquin Moral,2022-10-11T22:00:51Z
183456763,story_update_activity,Ignacio Joaquin Moral edited this feature,Ignacio Joaquin Moral,2022-10-11T22:00:36Z
183456763,story_update_activity,Ignacio Joaquin Moral edited this feature,Ignacio Joaquin Moral,2022-10-11T22:00:33Z
183456876,story_update_activity,Ignacio Joaquin Moral edited this feature,Ignacio Joaquin Moral,2022-10-11T22:00:10Z
183456876,story_update_activity,Ignacio Joaquin Moral edited this feature,Ignacio Joaquin Moral,2022-10-11T22:00:05Z
5032386,epic_create_activity,Ignacio Joaquin Moral added this epic,Ignacio Joaquin Moral,2022-10-11T21:59:28Z
5032385,epic_create_activity,Ignacio Joaquin Moral added this epic,Ignacio Joaquin Moral,2022-10-11T21:59:25Z
5032384,epic_create_activity,Ignacio Joaquin Moral added this epic,Ignacio Joaquin Moral,2022-10-11T21:59:16Z
5032383,epic_create_activity,Ignacio Joaquin Moral added this epic,Ignacio Joaquin Moral,2022-10-11T21:59:07Z
5032382,epic_create_activity,Ignacio Joaquin Moral added this epic,Ignacio Joaquin Moral,2022-10-11T21:59:03Z
183516461,blocker_update_activity,"Ignacio Joaquin Moral edited a blocker: ""Automatic Prescription Verification #Story""",Ignacio Joaquin Moral,2022-10-11T21:58:11Z
183516461,blocker_update_activity,"Ignacio Joaquin Moral edited a blocker: ""Personal Profile #Story""",Ignacio Joaquin Moral,2022-10-11T21:57:41Z
183516461,blocker_update_activity,"Ignacio Joaquin Moral edited a blocker: """"My Prescriptions"" #Story""",Ignacio Joaquin Moral,2022-10-11T21:56:29Z
183370538,story_update_activity,Ignacio Joaquin Moral edited this feature,Ignacio Joaquin Moral,2022-10-11T21:56:04Z
183370541,story_update_activity,Ignacio Joaquin Moral edited this feature,Ignacio Joaquin Moral,2022-10-11T21:55:51Z
23901229,label_delete_activity,"Ignacio Joaquin Moral deleted label: ""client prescription""",Ignacio Joaquin Moral,2022-10-11T21:54:57Z
183370536,blocker_update_activity,"Ignacio Joaquin Moral edited a blocker: ""Doctor Administration Panel #Story""",Ignacio Joaquin Moral,2022-10-11T21:54:42Z
183370536,story_update_activity,Ignacio Joaquin Moral edited this feature,Ignacio Joaquin Moral,2022-10-11T21:54:13Z
183516450,blocker_delete_activity,"Ignacio Joaquin Moral deleted a blocker: ""Doctor's Panel #Feature""",Ignacio Joaquin Moral,2022-10-11T21:54:02Z
183516450,blocker_update_activity,"Ignacio Joaquin Moral edited a blocker: ""Doctor's Panel #Feature""",Ignacio Joaquin Moral,2022-10-11T21:53:57Z
183516461,story_update_activity,Ignacio Joaquin Moral edited this feature,Ignacio Joaquin Moral,2022-10-11T21:51:59Z
183516461,story_create_activity,Ignacio Joaquin Moral added this feature,Ignacio Joaquin Moral,2022-10-11T21:51:53Z
183516450,story_create_activity,Ignacio Joaquin Moral added this feature,Ignacio Joaquin Moral,2022-10-11T21:50:25Z
183516439,story_update_activity,Ignacio Joaquin Moral estimated this feature as 2 points,Ignacio Joaquin Moral,2022-10-11T21:48:19Z
183516439,story_create_activity,Ignacio Joaquin Moral added this feature,Ignacio Joaquin Moral,2022-10-11T21:48:17Z
183516417,story_create_activity,Ignacio Joaquin Moral added this feature,Ignacio Joaquin Moral,2022-10-11T21:45:08Z
183370546,story_update_activity,Ignacio Joaquin Moral edited this feature,Ignacio Joaquin Moral,2022-10-11T21:44:02Z
183370546,story_update_activity,Ignacio Joaquin Moral edited this feature,Ignacio Joaquin Moral,2022-10-11T21:43:58Z
183449984,story_update_activity,Ignacio Joaquin Moral edited this feature,Ignacio Joaquin Moral,2022-10-11T21:43:19Z
183456317,story_update_activity,Ignacio Joaquin Moral edited this feature,Ignacio Joaquin Moral,2022-10-11T21:43:02Z
183456317,story_update_activity,Ignacio Joaquin Moral edited this feature,Ignacio Joaquin Moral,2022-10-11T21:42:55Z
183370546,story_update_activity,Ignacio Joaquin Moral edited this feature,Ignacio Joaquin Moral,2022-10-11T21:42:06Z
183370568,story_update_activity,Ignacio Joaquin Moral edited this feature,Ignacio Joaquin Moral,2022-10-11T21:41:57Z
183366149,story_update_activity,Ignacio Joaquin Moral edited this feature,Ignacio Joaquin Moral,2022-10-11T21:41:48Z
183370563,story_update_activity,Ignacio Joaquin Moral edited this feature,Ignacio Joaquin Moral,2022-10-11T21:41:44Z
183358919,story_update_activity,Ignacio Joaquin Moral edited this feature,Ignacio Joaquin Moral,2022-10-11T21:41:41Z
183358919,story_update_activity,Ignacio Joaquin Moral edited this feature,Ignacio Joaquin Moral,2022-10-11T21:41:39Z
183358919,story_update_activity,Ignacio Joaquin Moral edited this feature,Ignacio Joaquin Moral,2022-10-11T21:41:37Z
183370563,story_update_activity,Ignacio Joaquin Moral edited this feature,Ignacio Joaquin Moral,2022-10-11T21:41:31Z
183370563,story_update_activity,Ignacio Joaquin Moral edited this feature,Ignacio Joaquin Moral,2022-10-11T21:41:29Z
183366149,story_update_activity,Ignacio Joaquin Moral edited this feature,Ignacio Joaquin Moral,2022-10-11T21:41:23Z
183366149,story_update_activity,Ignacio Joaquin Moral edited this feature,Ignacio Joaquin Moral,2022-10-11T21:41:18Z
183456363,story_update_activity,Ignacio Joaquin Moral edited this feature,Ignacio Joaquin Moral,2022-10-11T21:40:42Z
23901232,label_create_activity,"Ignacio Joaquin Moral created labels: ""store management""",Ignacio Joaquin Moral,2022-10-11T21:40:41Z
23892802,label_delete_activity,"Ignacio Joaquin Moral deleted label: ""cus""",Ignacio Joaquin Moral,2022-10-11T21:40:10Z
183370541,story_update_activity,Ignacio Joaquin Moral edited this feature,Ignacio Joaquin Moral,2022-10-11T21:40:01Z
183372177,story_update_activity,Ignacio Joaquin Moral edited this chore,Ignacio Joaquin Moral,2022-10-11T21:39:45Z
183372177,story_update_activity,Ignacio Joaquin Moral edited this chore,Ignacio Joaquin Moral,2022-10-11T21:39:42Z
183372185,story_update_activity,Ignacio Joaquin Moral edited this feature,Ignacio Joaquin Moral,2022-10-11T21:39:12Z
183372177,story_update_activity,Ignacio Joaquin Moral edited this chore,Ignacio Joaquin Moral,2022-10-11T21:39:00Z
23901229,label_create_activity,"Ignacio Joaquin Moral created labels: ""client prescription""",Ignacio Joaquin Moral,2022-10-11T21:39:00Z
183372177,story_update_activity,Ignacio Joaquin Moral edited this chore,Ignacio Joaquin Moral,2022-10-11T21:38:45Z
23901228,label_create_activity,"Ignacio Joaquin Moral created labels: ""buying medicine""",Ignacio Joaquin Moral,2022-10-11T21:38:44Z
183372177,story_update_activity,Ignacio Joaquin Moral edited this chore,Ignacio Joaquin Moral,2022-10-11T21:38:29Z
183370533,story_update_activity,Ignacio Joaquin Moral edited this feature,Ignacio Joaquin Moral,2022-10-11T21:37:52Z
183370533,story_update_activity,Ignacio Joaquin Moral edited this feature,Ignacio Joaquin Moral,2022-10-11T21:37:48Z
183370536,story_update_activity,Ignacio Joaquin Moral edited this feature,Ignacio Joaquin Moral,2022-10-11T21:37:40Z
23901227,label_create_activity,"Ignacio Joaquin Moral created labels: ""prescription creation""",Ignacio Joaquin Moral,2022-10-11T21:37:40Z
183370536,story_update_activity,Ignacio Joaquin Moral edited this feature,Ignacio Joaquin Moral,2022-10-11T21:37:32Z
23901226,label_create_activity,"Ignacio Joaquin Moral created labels: ""doctor panel""",Ignacio Joaquin Moral,2022-10-11T21:37:31Z
183370536,story_update_activity,Ignacio Joaquin Moral edited this feature,Ignacio Joaquin Moral,2022-10-11T21:37:27Z
183370536,story_update_activity,Ignacio Joaquin Moral edited this feature,Ignacio Joaquin Moral,2022-10-11T21:37:26Z
183370536,story_update_activity,Ignacio Joaquin Moral edited this feature,Ignacio Joaquin Moral,2022-10-11T21:36:31Z
183370529,story_delete_activity,Ignacio Joaquin Moral deleted this feature,Ignacio Joaquin Moral,2022-10-11T21:36:12Z
183370533,story_update_activity,Ignacio Joaquin Moral edited this feature,Ignacio Joaquin Moral,2022-10-11T21:36:03Z
183370533,story_update_activity,Ignacio Joaquin Moral edited this feature,Ignacio Joaquin Moral,2022-10-11T21:35:41Z
183370536,story_update_activity,Ignacio Joaquin Moral edited this feature,Ignacio Joaquin Moral,2022-10-11T21:35:27Z
183358919,story_move_activity,Ignacio Joaquin Moral moved and scheduled this story before 'Limiting the number of medicines to be brought.',Ignacio Joaquin Moral,2022-10-07T21:45:56Z
183370563,story_move_activity,Ignacio Joaquin Moral moved and scheduled this story before 'Limiting the number of medicines to be brought.',Ignacio Joaquin Moral,2022-10-07T21:45:31Z
183366149,story_move_activity,Ignacio Joaquin Moral moved and scheduled this story before 'Limiting the number of medicines to be brought.',Ignacio Joaquin Moral,2022-10-07T21:39:33Z
183448289,comment_update_activity,Christol Yu edited this comment,Christol Yu,2022-10-06T08:48:38Z
183448289,comment_update_activity,Christol Yu edited this comment,Christol Yu,2022-10-06T07:22:21Z
183448057,story_update_activity,Christol Yu edited this feature,Christol Yu,2022-10-06T05:55:22Z
183448057,story_update_activity,Christol Yu edited this feature,Christol Yu,2022-10-06T05:55:15Z
2599390,project_membership_update_activity,Christol Yu updated their profile,Christol Yu,2022-10-06T05:54:51Z
183448289,comment_create_activity,"Christol Yu added comment: ""Given the order history page is ready, when the user clicks the 'order details' button on any order info card, a modal pops up and displays further details of the order, further details include address, Rx number, payment details (discounts, coupons, tax, delivery fee), delivery date, each medication's price and amount.""",Christol Yu,2022-10-06T05:54:28Z
183448057,comment_update_activity,Christol Yu edited this comment,Christol Yu,2022-10-06T05:47:31Z
183448289,comment_update_activity,Christol Yu edited this comment,Christol Yu,2022-10-06T05:45:42Z
183448057,comment_update_activity,Christol Yu edited this comment,Christol Yu,2022-10-06T05:43:09Z
183448057,comment_update_activity,Christol Yu edited this comment,Christol Yu,2022-10-06T05:39:50Z
183448289,task_update_activity,"Christol Yu rewrote task: ""Link the front-end to back-end and carry out tests. -- 3 person hours""",Christol Yu,2022-10-06T05:33:16Z
183448289,task_update_activity,"Christol Yu rewrote task: ""Develop order history UI. -- 3-5 person hours""",Christol Yu,2022-10-06T05:32:31Z
183448289,task_update_activity,"Christol Yu rewrote task: ""Develop order info APIs. -- 3-5 person hours""",Christol Yu,2022-10-06T05:32:12Z
183448289,task_update_activity,"Christol Yu rewrote task: ""Build up user order database. -- 5 person hours""",Christol Yu,2022-10-06T05:31:55Z
183448057,task_update_activity,"Christol Yu rewrote task: ""Link the front end to back end and carry out tests. -- 3 person hours""",Christol Yu,2022-10-06T05:31:30Z
183448057,task_update_activity,"Christol Yu rewrote task: ""Develop the front-end UI for personal profile page(s). -- 5 person hours""",Christol Yu,2022-10-06T05:31:21Z
183448057,task_update_activity,"Christol Yu rewrote task: ""Develop user info APIs for info rendering and editing. -- 2 person hours""",Christol Yu,2022-10-06T05:31:03Z
183448057,task_update_activity,"Christol Yu rewrote task: ""Build up user database. -- 5 person hours""",Christol Yu,2022-10-06T05:30:42Z
183448289,story_update_activity,Christol Yu edited this feature,Christol Yu,2022-10-06T04:42:11Z
183448289,story_update_activity,Christol Yu edited this feature,Christol Yu,2022-10-06T04:42:05Z
183448289,story_update_activity,Christol Yu edited this feature,Christol Yu,2022-10-06T04:41:56Z
183448289,story_update_activity,Christol Yu edited this feature,Christol Yu,2022-10-06T04:41:55Z
23894604,label_create_activity,"Christol Yu created labels: ""order management""",Christol Yu,2022-10-06T04:35:03Z
23894603,label_create_activity,"Christol Yu created labels: ""user authentication""",Christol Yu,2022-10-06T04:34:38Z
23894602,label_create_activity,"Christol Yu created labels: ""user center""",Christol Yu,2022-10-06T04:33:40Z
183456317,story_update_activity,nivan283 edited this feature,nivan283,2022-10-06T03:27:35Z
183456317,story_update_activity,nivan283 edited this feature,nivan283,2022-10-06T03:27:14Z
183456317,comment_create_activity,"nivan283 added comment: ""Given that user has either only prescribed medicines or a mix of prescribed and non-prescribed medicines they should be asked for prescription number. Once its verified the user will be redirected to payment portal. If it fails the user will get a alert that prescription is wrong.  """,nivan283,2022-10-05T21:08:45Z
183456317,comment_update_activity,nivan283 edited this comment,nivan283,2022-10-05T21:06:44Z
183456317,comment_update_activity,nivan283 edited this comment,nivan283,2022-10-05T21:06:18Z
183456317,comment_create_activity,"nivan283 added comment: ""Given user orders only non-prescribed medicines if the user wants to checkout they should be straight away taken to the payment page .""",nivan283,2022-10-05T21:05:56Z
183456317,task_create_activity,"nivan283 added task: ""Add unit test and integration test for the whole end to end flow. """,nivan283,2022-10-05T21:03:33Z
183456763,comment_update_activity,nivan283 edited this comment,nivan283,2022-10-05T21:02:48Z
183456763,comment_create_activity,"nivan283 added comment: ""Given that the price of medicine drops and the user is a frequent buyer of the medicine and within valid date prescription an email notification will be sent alerting him of price drop along with the difference in price.""",nivan283,2022-10-05T20:52:12Z
183456763,story_update_activity,nivan283 edited this feature,nivan283,2022-10-05T20:52:03Z
183456763,comment_update_activity,nivan283 edited this comment,nivan283,2022-10-05T20:50:56Z
183456763,comment_create_activity,"nivan283 added comment: ""Given that user has ordered medicine in the past the data will be stored in the database where along with user id, prescription date email address will be stored and every 24 hours the setTimeout will make a fetch call to the database and check whether the date of expiry is less than 3 days. If its true an email notification will be sent to user.""",nivan283,2022-10-05T20:47:07Z
183456763,task_create_activity,"nivan283 added task: ""Add the setTimeout functionality to execute fetch call and verify the json data.(NH) - 2h""",nivan283,2022-10-05T20:44:05Z
183456763,task_update_activity,"nivan283 rewrote task: ""Create the database table and integrate it with nodemon functionality.(NH)- 2h""",nivan283,2022-10-05T20:43:14Z
183456915,comment_update_activity,nivan283 edited this comment,nivan283,2022-10-05T20:42:50Z
183456915,comment_create_activity,"nivan283 added comment: ""Given that user faces the warning and reduces the quantity the checkout button will be displayed and the user can proceed to payment page.""",nivan283,2022-10-05T20:41:48Z
183456915,comment_update_activity,nivan283 edited this comment,nivan283,2022-10-05T20:41:44Z
183456915,comment_create_activity,"nivan283 added comment: ""Given when user adds prescribed medicines to cart and the total count is greater than the allowed quantity a warning will be showed that when the quantity is less than or equal to allowed then only user can proceed to payment page. The checkout  button would be disabled.

Given that user faces the warning and reduces the quantity the checkout button will be displayed and the user can proceed to payment page.""",nivan283,2022-10-05T20:41:33Z
183370541,story_update_activity,Ignacio Joaquin Moral edited this feature,Ignacio Joaquin Moral,2022-10-05T18:50:39Z
183370541,story_update_activity,Ignacio Joaquin Moral edited this feature,Ignacio Joaquin Moral,2022-10-05T18:50:31Z
183370541,story_update_activity,Ignacio Joaquin Moral edited this feature,Ignacio Joaquin Moral,2022-10-05T18:50:06Z
183372185,story_update_activity,Ignacio Joaquin Moral edited this feature,Ignacio Joaquin Moral,2022-10-05T17:46:23Z
183370538,comment_create_activity,"Ignacio Joaquin Moral added comment: ""Given that I am in the Doctor's Panel, and there are prescriptions waiting to be accepted,
When I click on the ""Reject Prescription"" button, 
Then the prescription will disappear from the Panel.""",Ignacio Joaquin Moral,2022-10-05T16:43:38Z
183370538,comment_create_activity,"Ignacio Joaquin Moral added comment: ""Given that there are prescriptions waiting to be accepted, and I am in the Doctor's Panel,
When the ""Reject Prescription"" button is clicked,
Then a prescription will be rejected.""",Ignacio Joaquin Moral,2022-10-05T16:42:08Z
183370538,task_update_activity,"Ignacio Joaquin Moral rewrote task: ""Doctor Panel (3hrs)""",Ignacio Joaquin Moral,2022-10-05T16:40:50Z
183370538,task_update_activity,"Ignacio Joaquin Moral moved task: ""Doctor Panel (3hrs)""",Ignacio Joaquin Moral,2022-10-05T16:40:46Z
183370538,task_create_activity,"Ignacio Joaquin Moral added task: ""Doctor Panel (3hrs)""",Ignacio Joaquin Moral,2022-10-05T16:40:44Z
183370538,task_create_activity,"Ignacio Joaquin Moral added task: ""Updating the records (0.5h)""",Ignacio Joaquin Moral,2022-10-05T16:40:31Z
183370538,task_create_activity,"Ignacio Joaquin Moral added task: ""Accept/Decline Prescription (1hr)""",Ignacio Joaquin Moral,2022-10-05T16:40:13Z
183370538,story_update_activity,Ignacio Joaquin Moral estimated this feature as 1 point,Ignacio Joaquin Moral,2022-10-05T16:16:40Z
183370538,story_update_activity,Ignacio Joaquin Moral estimated this feature as 3 points,Ignacio Joaquin Moral,2022-10-05T16:16:36Z
183370538,story_update_activity,Ignacio Joaquin Moral edited this feature,Ignacio Joaquin Moral,2022-10-05T16:16:33Z
183370538,story_update_activity,Ignacio Joaquin Moral edited this feature,Ignacio Joaquin Moral,2022-10-05T16:16:25Z
183370538,story_update_activity,Ignacio Joaquin Moral edited this feature,Ignacio Joaquin Moral,2022-10-05T16:16:17Z
183370538,story_update_activity,Ignacio Joaquin Moral edited this feature,Ignacio Joaquin Moral,2022-10-05T16:16:03Z
183372185,story_update_activity,Ignacio Joaquin Moral edited this feature,Ignacio Joaquin Moral,2022-10-05T16:15:37Z
183372185,story_update_activity,Ignacio Joaquin Moral edited this feature,Ignacio Joaquin Moral,2022-10-05T16:15:11Z
183372185,story_update_activity,Ignacio Joaquin Moral edited this feature,Ignacio Joaquin Moral,2022-10-05T16:14:54Z
183372185,comment_create_activity,"Ignacio Joaquin Moral added comment: ""Acceptance Test:
Given that I already signed in, haven't been accepted the prescription, and have both prescription and non-prescription medicine in the shopping cart,
When I click on the shopping cart, and attempt to see the cost,
Then the two costs, both with and without prescription medicine, will be seen.

Acceptance Test:
Given that I haven't signed in, and I attempt to introduce medicine to the shopping cart,
When I click on the shopping cart and see the cost,
Then I should only be able to see the non-prescription medicine cost.""",Ignacio Joaquin Moral,2022-10-05T16:14:23Z
183372185,task_create_activity,"Ignacio Joaquin Moral added task: ""Cost calculator (1hr)""",Ignacio Joaquin Moral,2022-10-05T16:14:19Z
183372185,task_create_activity,"Ignacio Joaquin Moral added task: ""Implementing whether the medicine is prescription-based or not (0.5h)""",Ignacio Joaquin Moral,2022-10-05T16:14:02Z
183372185,task_update_activity,"Ignacio Joaquin Moral rewrote task: ""Implementing shopping cart (3hrs)""",Ignacio Joaquin Moral,2022-10-05T16:13:30Z
183372185,task_create_activity,"Ignacio Joaquin Moral added task: ""Implementing shopping cart (3hrs)""",Ignacio Joaquin Moral,2022-10-05T16:13:21Z
183372185,task_create_activity,"Ignacio Joaquin Moral added task: ""Adding cost to the medicine (0.5h)""",Ignacio Joaquin Moral,2022-10-05T16:13:11Z
183372185,task_create_activity,"Ignacio Joaquin Moral added task: ""Adding medicine to website (0.5h)""",Ignacio Joaquin Moral,2022-10-05T16:13:01Z
183456317,story_update_activity,nivan283 edited this feature,nivan283,2022-10-05T04:40:11Z
183449984,task_update_activity,"Ryan Burns rewrote task: ""write unit tests - 1.5 hr""",Ryan Burns,2022-10-05T02:12:23Z
183449984,task_update_activity,"Ryan Burns rewrote task: ""create UI for the customer to check the status with the confirmation # and zip code - 3 hr""",Ryan Burns,2022-10-05T02:12:13Z
183449984,task_update_activity,"Ryan Burns rewrote task: ""Create a json file of confirmation numbers or DB with varying statuses - .75 hr""",Ryan Burns,2022-10-05T02:12:05Z
183449984,task_update_activity,"Ryan Burns rewrote task: ""Create a customer class - .5 hr""",Ryan Burns,2022-10-05T02:11:48Z
183358919,task_update_activity,"Ryan Burns rewrote task: ""write unit tests -1.5 hr""",Ryan Burns,2022-10-05T02:11:32Z
183358919,task_update_activity,"Ryan Burns rewrote task: ""create a GUi with the products image -1 hr.""",Ryan Burns,2022-10-05T02:11:22Z
183358919,task_update_activity,"Ryan Burns rewrote task: ""have access to a db that contains medication data 1 hr""",Ryan Burns,2022-10-05T02:11:13Z
183358919,task_update_activity,"Ryan Burns rewrote task: ""Create a UI for the customer to search - 2 hr""",Ryan Burns,2022-10-05T02:11:02Z
183358919,task_update_activity,"Ryan Burns rewrote task: ""Create a customer class - .5 hr""",Ryan Burns,2022-10-05T02:10:55Z
183358919,task_create_activity,"Ryan Burns added task: ""write unit tests -1.5 hr""",Ryan Burns,2022-10-05T00:50:32Z
183449984,task_create_activity,"Ryan Burns added task: ""write unit tests - 1.5 hr""",Ryan Burns,2022-10-05T00:50:12Z
183449984,task_update_activity,"Ryan Burns rewrote task: ""create UI for the customer to check the status with the confirmation # and zip code""",Ryan Burns,2022-10-05T00:49:26Z
183449984,task_update_activity,"Ryan Burns rewrote task: ""Create a json file of confirmation numbers or DB with varying statuses""",Ryan Burns,2022-10-05T00:48:54Z
183449984,task_create_activity,"Ryan Burns added task: ""create UI for the customer to check the status with the confirmation # and zip code - 3 hr""",Ryan Burns,2022-10-05T00:48:39Z
183449984,task_create_activity,"Ryan Burns added task: ""Create a json file of confirmation numbers or DB with varying statuses - .75 hr""",Ryan Burns,2022-10-05T00:48:24Z
183456915,story_update_activity,nivan283 edited this feature,nivan283,2022-10-05T00:48:08Z
183449984,task_create_activity,"Ryan Burns added task: ""Create a customer class - .5 hr""",Ryan Burns,2022-10-05T00:47:55Z
183456763,story_update_activity,nivan283 edited this feature,nivan283,2022-10-05T00:47:38Z
183370563,story_update_activity,Ryan Burns edited this feature,Ryan Burns,2022-10-05T00:46:44Z
183358919,task_create_activity,"Ryan Burns added task: ""create a GUi with the products image -1 hr.""",Ryan Burns,2022-10-05T00:46:15Z
183358919,comment_create_activity,"Ryan Burns added comment: ""Given I have a medication in mind,
When I enter the medication name and click the ""Search"" button,
Then I will be directed to a window that shows me a selection of that medicine in stock.""",Ryan Burns,2022-10-05T00:45:08Z
183449984,story_update_activity,Ryan Burns edited this feature,Ryan Burns,2022-10-05T00:36:25Z
183449984,comment_update_activity,Ryan Burns edited this comment,Ryan Burns,2022-10-05T00:35:26Z
183449984,comment_update_activity,Ryan Burns edited this comment,Ryan Burns,2022-10-05T00:34:51Z
183449984,comment_create_activity,"Ryan Burns added comment: ""Given a customer has a confirmation number to enter,
when they enter the correct information and select the ""Submit"" button,
Then a popup will show that the prescription status is either ""under review"", ""approved"", or ""denied""""",Ryan Burns,2022-10-05T00:34:21Z
183449984,comment_delete_activity,"Ryan Burns removed comment: ""Given a customer has a confirmation number to enter,
when they click the check status button,
Then a popup will show that the prescription is either ""under review"", ""approved"", or ""denied.""",Ryan Burns,2022-10-05T00:33:30Z
183449984,comment_create_activity,"Ryan Burns added comment: ""Given I click the ""check Rx Status"" button
When I enter my name in either of the fields and hit ""Submit"" 
Then an error message pops ups saying ""We're sorry, you must enter a valid confirmation number and zip code.""""",Ryan Burns,2022-10-05T00:32:44Z
183449984,comment_create_activity,"Ryan Burns added comment: ""Given  I have a confirmation number and the ""Check Rx Status"" button is available, 
When I click the ""Check Rx Status"" button
Then the ""Check Status"" screen pops up with the following fields available: confirmation number and zip code. """,Ryan Burns,2022-10-05T00:31:15Z
183456317,story_update_activity,nivan283 edited this feature,nivan283,2022-10-05T00:03:01Z
183456317,story_update_activity,nivan283 edited this feature,nivan283,2022-10-05T00:00:33Z
183456317,story_update_activity,nivan283 edited this feature,nivan283,2022-10-04T16:39:12Z
183456317,story_update_activity,nivan283 edited this feature,nivan283,2022-10-04T16:39:07Z
183456915,story_create_activity,nivan283 added this feature,nivan283,2022-10-04T16:38:45Z
183456363,story_update_activity,Youqing Shao edited this feature,Youqing Shao,2022-10-04T16:36:17Z
183456876,story_update_activity,Youqing Shao edited this feature,Youqing Shao,2022-10-04T16:36:07Z
183456876,blocker_create_activity,"Youqing Shao added a blocker: ""order status #feature""",Youqing Shao,2022-10-04T16:35:21Z
183456876,story_create_activity,Youqing Shao added this feature,Youqing Shao,2022-10-04T16:34:59Z
183456317,story_update_activity,Youqing Shao edited this feature,Youqing Shao,2022-10-04T16:32:02Z
183456317,task_update_activity,"nivan283 rewrote task: ""Add the logic code before checking out from store by using the flag descriptor on each medicine sold. (NH) - 4h""",nivan283,2022-10-04T16:25:28Z
183456763,story_update_activity,nivan283 edited this feature,nivan283,2022-10-04T16:25:04Z
183456763,story_update_activity,nivan283 edited this feature,nivan283,2022-10-04T16:24:59Z
183456763,story_create_activity,nivan283 added this feature,nivan283,2022-10-04T16:24:54Z
23892802,label_create_activity,"nivan283 created labels: ""cus""",nivan283,2022-10-04T16:24:54Z
183456317,story_update_activity,nivan283 edited this feature,nivan283,2022-10-04T16:13:49Z
183456317,story_update_activity,nivan283 edited this feature,nivan283,2022-10-04T15:58:14Z
183456317,task_update_activity,"nivan283 uncompleted task: ""Add the logic code before checking out from store by using the flag descriptor on each medicine sold. (NH) - 4h""",nivan283,2022-10-04T15:52:45Z
183456317,task_update_activity,"nivan283 completed task: ""Add the logic code before checking out from store by using the flag descriptor on each medicine sold. (NH) - 4h""",nivan283,2022-10-04T15:52:01Z
183456317,task_create_activity,"nivan283 added task: ""Add the logic code before checking out from store by using the flag descriptor on each medicine sold. (NH) - 4h""",nivan283,2022-10-04T15:51:56Z
183456363,story_update_activity,Youqing Shao edited this feature,Youqing Shao,2022-10-04T15:50:53Z
183456363,story_create_activity,Youqing Shao added this feature,Youqing Shao,2022-10-04T15:50:11Z
23892753,label_create_activity,"Youqing Shao created labels: ""easy to config""",Youqing Shao,2022-10-04T15:50:10Z
183456317,story_update_activity,nivan283 edited this feature,nivan283,2022-10-04T15:49:36Z
183456317,story_update_activity,nivan283 edited this feature,nivan283,2022-10-04T15:49:25Z
183456317,story_update_activity,nivan283 edited this feature,nivan283,2022-10-04T15:48:59Z
183456317,story_update_activity,nivan283 edited this feature,nivan283,2022-10-04T15:48:22Z
183456317,story_update_activity,nivan283 edited this feature,nivan283,2022-10-04T15:47:45Z
183456317,story_create_activity,nivan283 added this feature,nivan283,2022-10-04T15:47:17Z
183358919,story_update_activity,Ryan Burns edited this feature,Ryan Burns,2022-10-04T01:58:55Z
183358919,story_update_activity,Ryan Burns edited this feature,Ryan Burns,2022-10-04T01:58:42Z
183358919,story_update_activity,Ryan Burns edited this feature,Ryan Burns,2022-10-04T01:45:50Z
183449984,story_update_activity,Ryan Burns edited this feature,Ryan Burns,2022-10-04T01:44:31Z
183449984,story_create_activity,Ryan Burns added this feature,Ryan Burns,2022-10-04T01:44:22Z
183370563,story_update_activity,Ryan Burns estimated this feature as 1 point,Ryan Burns,2022-10-04T01:37:15Z
183358919,story_update_activity,Ryan Burns estimated this feature as 3 points,Ryan Burns,2022-10-04T01:36:26Z
183358919,story_update_activity,Ryan Burns estimated this feature as 2 points,Ryan Burns,2022-10-04T01:36:21Z
183358919,story_update_activity,Ryan Burns edited this feature,Ryan Burns,2022-10-04T01:36:17Z
183358919,story_update_activity,Ryan Burns estimated this feature as 3 points,Ryan Burns,2022-10-04T01:36:11Z
183358919,story_update_activity,Ryan Burns estimated this feature as 2 points,Ryan Burns,2022-10-04T01:36:06Z
183358919,task_update_activity,"Ryan Burns rewrote task: ""Create a customer class""",Ryan Burns,2022-10-04T01:32:35Z
183358919,task_update_activity,"Ryan Burns moved task: ""Create a customer class - .5 hr""",Ryan Burns,2022-10-04T01:31:48Z
183358919,task_create_activity,"Ryan Burns added task: ""Create a customer class - .5 hr""",Ryan Burns,2022-10-04T01:31:45Z
183358919,task_create_activity,"Ryan Burns added task: ""have access to a db that contains medication data 1 hr""",Ryan Burns,2022-10-03T23:15:54Z
183358919,task_create_activity,"Ryan Burns added task: ""Create a UI for the customer to search - 2 hr""",Ryan Burns,2022-10-03T23:15:40Z
183370563,comment_create_activity,"Ryan Burns added comment: ""Acceptance Test:
Given that I am in the website as a user, and medicines are available for purchases, 
When I search for medicines in the website,
Then the prices for the medicines should show up in an easy-to-read and understand manner.""",Ryan Burns,2022-10-03T23:15:11Z
183370563,story_update_activity,Ryan Burns edited this feature,Ryan Burns,2022-10-03T23:15:11Z
183370563,task_create_activity,"Ryan Burns added task: ""have a db that has access to all medication prices""",Ryan Burns,2022-10-03T23:14:40Z
183370563,task_delete_activity,Ryan Burns deleted a task on this story,Ryan Burns,2022-10-03T23:14:10Z
183370563,task_delete_activity,Ryan Burns deleted a task on this story,Ryan Burns,2022-10-03T23:14:02Z
183370563,task_create_activity,"Ryan Burns added task: ""Have the db of medications for the user to search""",Ryan Burns,2022-10-03T23:13:45Z
183370563,task_create_activity,"Ryan Burns added task: ""Create UI for the customer to search""",Ryan Burns,2022-10-03T23:12:57Z
183358919,story_update_activity,Ryan Burns edited this feature,Ryan Burns,2022-10-03T22:59:00Z
23891791,label_create_activity,"Ryan Burns created labels: ""customer""",Ryan Burns,2022-10-03T22:59:00Z
183358919,comment_create_activity,"Ryan Burns added comment: ""Given the search bar is displayed
When I click the search button without providing any valid prescription name
Then an error message should display ""I'm sorry the prescription cannot be found""""",Ryan Burns,2022-10-03T22:57:21Z
183358919,story_update_activity,Ryan Burns edited this feature,Ryan Burns,2022-10-03T22:56:22Z
183370563,story_update_activity,Ryan Burns edited this feature,Ryan Burns,2022-10-03T22:46:43Z
183370563,story_update_activity,Ryan Burns edited this feature,Ryan Burns,2022-10-03T22:46:23Z
183370563,story_update_activity,Ryan Burns edited this feature,Ryan Burns,2022-10-03T22:44:19Z
183358930,story_delete_activity,Ryan Burns deleted this feature,Ryan Burns,2022-10-03T22:43:53Z
2599390,project_membership_update_activity,Christol Yu updated their profile,Christol Yu,2022-10-03T21:03:21Z
183448289,story_create_activity,Christol Yu added this feature,Christol Yu,2022-10-03T21:02:53Z
183448057,story_create_activity,Christol Yu added this feature,Christol Yu,2022-10-03T20:36:15Z
2599390,project_membership_update_activity,Christol Yu updated their profile,Christol Yu,2022-10-03T19:04:27Z
183370546,story_update_activity,Youqing Shao unstarted this feature,Youqing Shao,2022-09-28T22:36:55Z
183370546,story_update_activity,Youqing Shao started this feature,Youqing Shao,2022-09-28T22:36:09Z
183370563,story_update_activity,Ignacio Joaquin Moral edited this feature,Ignacio Joaquin Moral,2022-09-28T22:34:29Z
183372177,story_update_activity,Ignacio Joaquin Moral edited this chore,Ignacio Joaquin Moral,2022-09-28T22:31:15Z
183372185,story_update_activity,Ignacio Joaquin Moral edited this feature,Ignacio Joaquin Moral,2022-09-28T22:28:37Z
183370529,story_update_activity,Ignacio Joaquin Moral edited this feature,Ignacio Joaquin Moral,2022-09-25T20:04:06Z
183370529,story_update_activity,Ignacio Joaquin Moral edited this feature,Ignacio Joaquin Moral,2022-09-25T20:04:06Z
183372098,story_delete_activity,Ignacio Joaquin Moral deleted this feature,Ignacio Joaquin Moral,2022-09-25T20:03:50Z
183372185,story_create_activity,Ignacio Joaquin Moral added this feature,Ignacio Joaquin Moral,2022-09-25T20:03:00Z
183372177,story_create_activity,Ignacio Joaquin Moral added this chore,Ignacio Joaquin Moral,2022-09-25T19:58:09Z
183372110,story_delete_activity,Ignacio Joaquin Moral deleted this feature,Ignacio Joaquin Moral,2022-09-25T19:28:46Z
183372098,story_update_activity,Ignacio Joaquin Moral estimated this feature as 2 points,Ignacio Joaquin Moral,2022-09-25T19:22:04Z
183372110,story_create_activity,Ignacio Joaquin Moral added this feature,Ignacio Joaquin Moral,2022-09-25T19:21:33Z
23879886,label_create_activity,"Ignacio Joaquin Moral created labels: ""nice to have""",Ignacio Joaquin Moral,2022-09-25T19:21:33Z
183372098,story_create_activity,Ignacio Joaquin Moral added this feature,Ignacio Joaquin Moral,2022-09-25T19:14:58Z
183370546,story_update_activity,Ignacio Joaquin Moral edited this feature,Ignacio Joaquin Moral,2022-09-25T16:30:19Z
183370546,story_update_activity,Ignacio Joaquin Moral edited this feature,Ignacio Joaquin Moral,2022-09-25T16:30:17Z
183370546,story_update_activity,Ignacio Joaquin Moral edited this feature,Ignacio Joaquin Moral,2022-09-25T16:30:13Z
183370568,story_create_activity,Ryan Burns added this feature,Ryan Burns,2022-09-25T00:13:39Z
183358954,story_update_activity,Ryan Burns edited this feature,Ryan Burns,2022-09-25T00:03:43Z
183370563,story_update_activity,Ryan Burns edited this feature,Ryan Burns,2022-09-25T00:02:14Z
183370563,story_create_activity,Ryan Burns added this feature,Ryan Burns,2022-09-25T00:02:03Z
183358930,story_update_activity,Ryan Burns edited this feature,Ryan Burns,2022-09-25T00:01:17Z
183370546,story_create_activity,Ignacio Joaquin Moral added this feature,Ignacio Joaquin Moral,2022-09-24T23:46:29Z
183370541,story_update_activity,Ignacio Joaquin Moral estimated this feature as 2 points,Ignacio Joaquin Moral,2022-09-24T23:43:46Z
183370541,story_create_activity,Ignacio Joaquin Moral added this feature,Ignacio Joaquin Moral,2022-09-24T23:43:43Z
23879494,label_create_activity,"Ignacio Joaquin Moral created labels: ""patient""",Ignacio Joaquin Moral,2022-09-24T23:43:42Z
183370529,story_move_activity,Ignacio Joaquin Moral moved this story before 'Shopping cart',Ignacio Joaquin Moral,2022-09-24T23:41:45Z
183370533,story_move_activity,Ignacio Joaquin Moral moved this story before 'Shopping cart',Ignacio Joaquin Moral,2022-09-24T23:41:43Z
183370536,story_move_activity,Ignacio Joaquin Moral moved this story before 'Shopping cart',Ignacio Joaquin Moral,2022-09-24T23:41:41Z
183370538,story_move_activity,Ignacio Joaquin Moral moved this story before 'Shopping cart',Ignacio Joaquin Moral,2022-09-24T23:41:39Z
183370536,story_move_activity,Ignacio Joaquin Moral moved this story after 'Reject Prescriptions (Obsolete for Iteration 1.1)',Ignacio Joaquin Moral,2022-09-24T23:41:36Z
183370538,story_move_activity,Ignacio Joaquin Moral moved this story after 'Find a Medication',Ignacio Joaquin Moral,2022-09-24T23:41:34Z
183370538,story_create_activity,Ignacio Joaquin Moral added this feature,Ignacio Joaquin Moral,2022-09-24T23:41:22Z
183370536,story_update_activity,Ignacio Joaquin Moral estimated this feature as 1 point,Ignacio Joaquin Moral,2022-09-24T23:38:53Z
183370536,story_create_activity,Ignacio Joaquin Moral added this feature,Ignacio Joaquin Moral,2022-09-24T23:38:47Z
23879492,label_create_activity,"Ignacio Joaquin Moral created labels: ""doctor""",Ignacio Joaquin Moral,2022-09-24T23:38:46Z
183370533,story_create_activity,Ignacio Joaquin Moral added this feature,Ignacio Joaquin Moral,2022-09-24T23:34:09Z
23879490,label_create_activity,"Ignacio Joaquin Moral created labels: ""ui/ux""",Ignacio Joaquin Moral,2022-09-24T23:34:09Z
183370529,story_create_activity,Ignacio Joaquin Moral added this feature,Ignacio Joaquin Moral,2022-09-24T23:31:41Z
2599390,project_membership_update_activity,Ignacio Joaquin Moral updated their profile,Ignacio Joaquin Moral,2022-09-24T23:27:41Z
183366149,task_update_activity,"Zahit Odabas rewrote task: ""Write unit tests (ZO) - 1h""",Zahit Odabas,2022-09-23T19:52:06Z
183366149,task_update_activity,"Zahit Odabas rewrote task: ""Create quantity increment and decrement buttons for each item on the shopping cart page (ZO) - 1h""",Zahit Odabas,2022-09-23T19:51:59Z
183366149,task_update_activity,"Zahit Odabas rewrote task: ""Create a shopping cart page to allow user review and update the cart (ZO) - 3h""",Zahit Odabas,2022-09-23T19:51:49Z
183366149,task_update_activity,"Zahit Odabas rewrote task: ""Create ""add to cart"" buttons on the item images in the web store (ZO) - 1h""",Zahit Odabas,2022-09-23T19:51:34Z
183366149,task_update_activity,"Zahit Odabas rewrote task: "" Implement a shopping cart functionality in front-end related with user cookie (ZO) - 4h""",Zahit Odabas,2022-09-23T19:51:11Z
183366149,comment_create_activity,"Zahit Odabas added comment: ""Given the user displays the shopping cart page, when user clicks increment/decrement buttons on the items, then he should display the new quantities and (total) prices of the items regarding his action.""",Zahit Odabas,2022-09-23T19:50:34Z
183366149,comment_create_activity,"Zahit Odabas added comment: ""Given a user has some items on the shopping cart, when user clicks the shopping cart icon on the right corner of the page, then he should display the shopping cart page presenting the items, quantities and prices.""",Zahit Odabas,2022-09-23T19:48:02Z
183366149,comment_create_activity,"Zahit Odabas added comment: ""Given a user searched for medication and displayed a medication list, when user clicks ""add to cart"" button on image, then user should display his cart icon on the right corner of the page with the correct amount of items""",Zahit Odabas,2022-09-23T19:45:39Z
183366149,task_update_activity,"Zahit Odabas rewrote task: "" Implement a shopping cart functionality in front-end related with user cookie""",Zahit Odabas,2022-09-23T19:41:22Z
183366149,task_update_activity,"Zahit Odabas moved task: ""Create quantity increment and decrement buttons for each item on the shopping cart page (ZO) - 1h""",Zahit Odabas,2022-09-23T19:40:23Z
183366149,task_create_activity,"Zahit Odabas added task: ""Create quantity increment and decrement buttons for each item on the shopping cart page (ZO) - 1h""",Zahit Odabas,2022-09-23T19:40:21Z
183366149,task_create_activity,"Zahit Odabas added task: ""Write unit tests (ZO) - 1h""",Zahit Odabas,2022-09-23T19:39:23Z
183366149,task_update_activity,"Zahit Odabas rewrote task: ""Create a shopping cart page to allow user review and update the cart """,Zahit Odabas,2022-09-23T19:38:22Z
183366149,task_update_activity,"Zahit Odabas rewrote task: ""Create a checkout page to allow user review and update the cart before checkout""",Zahit Odabas,2022-09-23T19:37:56Z
183366149,story_create_activity,Zahit Odabas added this feature,Zahit Odabas,2022-09-23T19:37:18Z
23878457,label_create_activity,"Zahit Odabas created labels: ""desirable""",Zahit Odabas,2022-09-23T19:37:17Z
183365824,comment_create_activity,"Zahit Odabas added comment: ""Given an admin displays an application detail, when admin clicks ""accept"" or ""deny"" button, then a notification should be sent to the e-mail address that's provided by user.""",Zahit Odabas,2022-09-23T19:19:04Z
183365824,comment_create_activity,"Zahit Odabas added comment: ""Given an admin displays the prescription applications on admin panel, when he clicks an application record, he should be able to display application details and ""accept"" and ""deny"" buttons.""",Zahit Odabas,2022-09-23T19:16:37Z
183365824,comment_update_activity,Zahit Odabas edited this comment,Zahit Odabas,2022-09-23T19:14:28Z
183365824,blocker_update_activity,"Zahit Odabas edited a blocker: ""Admin login system #feature""",Zahit Odabas,2022-09-23T19:12:45Z
183365824,comment_create_activity,"Zahit Odabas added comment: ""Given an admin login system and admin panel implemented, when admin logins into the system, then he should be able to see the prescription applications in a list""",Zahit Odabas,2022-09-23T19:12:23Z
183365824,blocker_create_activity,"Zahit Odabas added a blocker: ""Admin login system # feature""",Zahit Odabas,2022-09-23T19:08:33Z
183365824,blocker_update_activity,"Zahit Odabas edited a blocker: ""Prescription and User table implementation #chore""",Zahit Odabas,2022-09-23T19:07:13Z
183365824,comment_create_activity,"Zahit Odabas added comment: ""Given a user selects a prescription document to upload, when he clicks ""select"" button on the file manager window, then program should check the size of file and display an appropriate message on form about success or failure""",Zahit Odabas,2022-09-23T19:06:09Z
183365824,comment_create_activity,"Zahit Odabas added comment: ""Given a UI form for prescription submission, when user clicks ""upload prescription"" button, then a file manager window should pop up on screen to allow user to select the prescription document that he wants to upload""",Zahit Odabas,2022-09-23T19:01:33Z
183365824,task_update_activity,"Zahit Odabas rewrote task: ""Notify user by e-mail when admin processes user's prescription (ZO) - 2h""",Zahit Odabas,2022-09-23T18:55:59Z
183365824,story_create_activity,Zahit Odabas added this feature,Zahit Odabas,2022-09-23T18:51:08Z
23878422,label_create_activity,"Zahit Odabas created labels: ""prescription""",Zahit Odabas,2022-09-23T18:51:08Z
183364724,comment_create_activity,"Zahit Odabas added comment: ""Given a medication search result is available on the page, when user clicks on an image of a medication, then details of the medication should be displayed on the page such as form, dosage, adverse effects, e.g.""",Zahit Odabas,2022-09-23T17:10:27Z
183364724,story_update_activity,Zahit Odabas edited this feature,Zahit Odabas,2022-09-23T17:06:53Z
183364724,story_update_activity,Zahit Odabas edited this feature,Zahit Odabas,2022-09-23T17:06:03Z
183364724,comment_update_activity,Zahit Odabas edited this comment,Zahit Odabas,2022-09-23T17:04:26Z
183364724,comment_update_activity,Zahit Odabas edited this comment,Zahit Odabas,2022-09-23T17:03:33Z
183364724,comment_create_activity,"Zahit Odabas added comment: ""Given a search category dropbox and a search bar available, when user types a keyword and press enter or click submit button, then user should be able to see all medication result with an image of medication, name, price and stock quantity.""",Zahit Odabas,2022-09-23T17:02:40Z
183364724,comment_update_activity,Zahit Odabas edited this comment,Zahit Odabas,2022-09-23T17:00:05Z
2599390,project_membership_update_activity,Zahit Odabas updated their profile,Zahit Odabas,2022-09-23T16:57:10Z
183364724,comment_create_activity,"Zahit Odabas added comment: ""Given a search category dropbox and a search bar available:
When user; 
    - selects the ""Active Ingredients"" category 
    - types something in the search bar
    - clicks enter or search button
Then, all medication that has the given active ingredient keyword should be displayed on the screen""",Zahit Odabas,2022-09-23T16:56:19Z
183364724,task_update_activity,"Zahit Odabas rewrote task: ""Create a search button UI""",Zahit Odabas,2022-09-23T16:52:05Z
183364724,task_update_activity,"Zahit Odabas moved task: ""Create a search button UI""",Zahit Odabas,2022-09-23T16:51:53Z
183364724,task_create_activity,"Zahit Odabas added task: ""Create a search button UI""",Zahit Odabas,2022-09-23T16:51:50Z
183364724,task_update_activity,"Zahit Odabas rewrote task: ""Implement the code to fetch medication data from DB present the results on the page (ZO) - 3h""",Zahit Odabas,2022-09-23T16:42:16Z
183364724,story_update_activity,Zahit Odabas edited this feature,Zahit Odabas,2022-09-23T16:35:49Z
183364724,story_create_activity,Zahit Odabas added this feature,Zahit Odabas,2022-09-23T16:35:21Z
23878285,label_create_activity,"Zahit Odabas created labels: ""essential"", ""search category""",Zahit Odabas,2022-09-23T16:35:20Z
23878286,label_create_activity,"Zahit Odabas created labels: ""essential"", ""search category""",Zahit Odabas,2022-09-23T16:35:20Z
183358954,story_create_activity,Ryan Burns added this feature,Ryan Burns,2022-09-23T01:25:02Z
183358930,story_update_activity,Ryan Burns estimated this feature as 1 point,Ryan Burns,2022-09-23T01:21:27Z
183358930,story_create_activity,Ryan Burns added this feature,Ryan Burns,2022-09-23T01:21:21Z
183358919,story_create_activity,Ryan Burns added this feature,Ryan Burns,2022-09-23T01:17:10Z
2599390,project_membership_update_activity,Ryan Burns updated their profile,Ryan Burns,2022-09-23T01:10:06Z
,project_membership_create_activity,"Yuting Zhang added new members: Ryan Burns, nivan283, Zahit Odabas, Youqing Shao, Christol Yu, Ignacio Joaquin Moral",Yuting Zhang,2022-09-21T20:40:42Z
,project_membership_create_activity,"Yuting Zhang added new members: Ryan Burns, nivan283, Zahit Odabas, Youqing Shao, Christol Yu, Ignacio Joaquin Moral",Yuting Zhang,2022-09-21T20:40:42Z
,project_membership_create_activity,"Yuting Zhang added new members: Ryan Burns, nivan283, Zahit Odabas, Youqing Shao, Christol Yu, Ignacio Joaquin Moral",Yuting Zhang,2022-09-21T20:40:42Z
,project_membership_create_activity,"Yuting Zhang added new members: Ryan Burns, nivan283, Zahit Odabas, Youqing Shao, Christol Yu, Ignacio Joaquin Moral",Yuting Zhang,2022-09-21T20:40:42Z
,project_membership_create_activity,"Yuting Zhang added new members: Ryan Burns, nivan283, Zahit Odabas, Youqing Shao, Christol Yu, Ignacio Joaquin Moral",Yuting Zhang,2022-09-21T20:40:42Z
,project_membership_create_activity,"Yuting Zhang added new members: Ryan Burns, nivan283, Zahit Odabas, Youqing Shao, Christol Yu, Ignacio Joaquin Moral",Yuting Zhang,2022-09-21T20:40:42Z
